{
  "total_params": 39976960,
  "lora_a_params": 18219008,
  "lora_b_params": 21757952,
  "statistics": {
    "mean": 1.2835600671223801e-07,
    "std": 0.005975835956633091,
    "min": -0.038951799273490906,
    "max": 0.03807956352829933,
    "l2_norm": 37.783164978027344
  },
  "scu_metrics": {
    "sum_w_squared": 1427.601806640625,
    "param_bpt": 0.10475637038190483,
    "prior_sigma": 0.01,
    "tokens_per_epoch": 98304000
  },
  "sparsity": {
    "threshold": 1e-06,
    "percentage": 0.38244528848616804,
    "non_zero_count": 39824070
  },
  "percentiles": {
    "1": -0.015827402472496033,
    "5": -0.01111877546645701,
    "10": -0.007591736037284134,
    "25": -0.0020988903706893325,
    "50": 0.0,
    "75": 0.0020988041069358587,
    "90": 0.007594789657741789,
    "95": 0.01112541374750435,
    "99": 0.01582392238080499
  }
}