name,category,data_bpt,final_s,config
PI Control,Adaptive,3.6961135749700555,0.9412629986991973,PI_control
Fixed λ=0.5,Fixed,3.4957833333333337,2.4483333333333333,fixed_0.5
Fixed λ=1.0,Fixed,3.4941166666666668,2.4483333333333333,fixed_1.0
Fixed λ=2.0,Fixed,3.4932833333333337,2.4483333333333333,fixed_2.0
